sample_id,旧版orig_gen_clip,旧版orig_gen_vclip,新版orig_gen_clip,新版orig_gen_xclip,新旧版本二者取最小orig_gen_clip,新旧版本二者取最小orig_gen_xclip,纯SVD的clip,纯SVD的xclip,纯FI的clip,纯FI的xclip,SVD+FI的clip,SVD+FI的xclip,SVD+FI的clip（门控）,SVD+FI的xclip（门控）,渐进SVD clip,渐进SVD xclip,自适应渐进式SVD clip,自适应渐进式SVD xclip,差值clip,差值xclip,,,,,,,,,
461,0.933224,0.743304,0.87089628,0.675157905,0.87089628,0.675157905,,,,,,,,,0.794259429,0.426747978,0.794259429,0.426747978,-0.076636851,-0.248409927,,,,,,,,,
359,0.855988,0.721193,0.886511624,0.6663239,0.855988,0.6663239,,,,,,,,,0.775342643,0.436071754,0.775342643,0.436071754,-0.080645357,-0.230252146,,,,,,,,,
355,0.946091,0.717146,0.938907325,0.820902348,0.938907325,0.717146,,,,,,,,,0.88187474,0.508605719,0.88187474,0.508605719,-0.057032585,-0.208540281,,,,,,,,,
474,0.908853,0.84088,0.870312214,0.800410807,0.870312214,0.800410807,,,,,,,,,0.803268015,0.586004853,0.810869753,0.620933652,-0.059442461,-0.179477155,,,,,,,,,
653,0.878803,0.875177,0.825127125,0.842598915,0.825127125,0.842598915,,,,,,,,,0.863627791,0.673307061,0.863627791,0.673307061,0.038500666,-0.169291854,,,,,,,,,
695,0.878693,0.679637,0.873629212,0.697442532,0.873629212,0.679637,,,,,,,,,0.884189427,0.522099137,0.884189427,0.522099137,0.010560215,-0.157537863,,,,,,,,,
262,0.881339,0.859811,0.934748888,0.878483295,0.881339,0.859811,,,,,,,,,0.91429472,0.713078022,0.906845868,0.737004519,0.025506868,-0.122806481,,,,,,,,,
654,0.840549,0.842466,0.804894686,0.839931369,0.804894686,0.839931369,,,,,,,,,0.66915983,0.724375606,0.66915983,0.724375606,-0.135734856,-0.115555763,,,,,,,,,
80,0.941456,0.763054,0.946834803,0.675418258,0.941456,0.675418258,,,,,0.9371,0.6326,0.9466,0.6102,0.946607113,0.610215664,0.946607113,0.610215664,0.005151113,-0.065202594,,,,,,,,,
258,0.898195,0.742779,0.898214459,0.682606816,0.898195,0.682606816,,,,,,,,,0.886579156,0.61828804,0.886579156,0.61828804,-0.011615844,-0.064318776,,,,,,,,,
526,0.909364,0.605777,0.926821232,0.648996592,0.909364,0.605777,,,,,,,,,0.924487352,0.543017805,0.924487352,0.543017805,0.015123352,-0.062759195,,,,,,,,,
617,0.897891,0.871821,0.933849156,0.779004812,0.897891,0.779004812,,,,,,,,,0.934020758,0.716462374,0.934020758,0.716462374,0.036129758,-0.062542438,,,,,感知距离,结构相似度 ,光流终点误差,,
351,0.850544,0.673335,0.81783694,0.551118433,0.81783694,0.551118433,,,,,,,,,0.829174757,0.497409314,0.829174757,0.497409314,0.011337817,-0.053709119,,,,,越低越好 (0=完全相同),越高越好 (1=完全相同),越低越好 (0=运动完全相同),,
50,0.926375,0.846648,0.924525261,0.834289372,0.924525261,0.834289372,,,,,0.9137,0.8011,0.9053,0.783,0.915253639,0.84773308,0.905317664,0.782971859,-0.019207597,-0.051317513,,baseline,orig_gen_clip,orig_gen_xclip,LPIPS ,SSIM,OF-EPE ,FVD,
859,0.918214,0.828633,0.930850863,0.73540765,0.918214,0.73540765,,,,,,,,,0.919136882,0.688130379,0.919136882,0.688130379,0.000922882,-0.047277271,,前10个平均值,0.869223517,0.732350941,0.6345016,0.2457036,8.4000487,,
193,0.74929,0.602477,0.913883269,0.720027149,0.74929,0.602477,,,,,,,,,0.91623044,0.627724886,0.886854231,0.558365822,0.137564231,-0.044111178,,前30个平均值,0.875731226,0.674771685,0.6756683,0.217357667,11.9378072,,
454,0.87935,0.601396,0.88091588,0.648757458,0.87935,0.601396,,,,,,,,,0.872143865,0.464667737,0.855585158,0.562453747,-0.023764842,-0.038942253,,全部200个平均值,0.856695052,0.691837707,0.677896795,0.22295488,11.65107739,86.6247087,
112,0.854742,0.698069,0.88583076,0.638863325,0.854742,0.638863325,,,,,,,,,0.869542956,0.602230728,0.869542956,0.602230728,0.014800956,-0.036632597,,,,,,,,,
700,0.93002,0.787725,0.931899548,0.821898937,0.93002,0.787725,,,,,,,,,0.915547132,0.753123283,0.915547132,0.753123283,-0.014472868,-0.034601717,,,,,,,,,
455,0.947176,0.815532,0.909250617,0.820262671,0.909250617,0.815532,,,,,,,,,0.906862974,0.782438993,0.906862974,0.782438993,-0.002387643,-0.033093007,,,SVD+FI的clip（门控）,SVD+FI的xclip（门控）,,,,,
577,0.871353,0.792698,0.885665655,0.841584921,0.871353,0.792698,,,,,,,,,0.893895984,0.739888132,0.864926875,0.760448933,-0.006426125,-0.032249067,,前10个平均值,0.8987,0.82095,,,,,
656,0.856628,0.654605,0.909056008,0.633532465,0.856628,0.633532465,,,,,,,,,0.839476585,0.551902175,0.726885676,0.604874432,-0.129742324,-0.028658033,,前30个平均值,0.890983333,0.733983333,,,,,
671,0.88553,0.772294,0.882067502,0.855843782,0.882067502,0.772294,,,,,,,,,0.884423494,0.743863344,0.884423494,0.743863344,0.002355992,-0.028430656,,全部200个平均值,,,,,,,
664,0.949188,0.960069,0.950920582,0.951907992,0.949188,0.951907992,,,,,,,,,0.909847498,0.931115746,0.898072898,0.924061775,-0.051115102,-0.027846217,,,,,,,,,
170,0.929809,0.805831,0.926085472,0.810519576,0.926085472,0.805831,,,,,,,,,0.946204066,0.779204726,0.946204066,0.779204726,0.020118594,-0.026626274,,,渐进SVD clip,渐进SVD xclip,,,,,
580,0.83827,0.754144,0.87343061,0.855429411,0.83827,0.754144,,,,,,,,,0.835417509,0.729054034,0.835417509,0.729054034,-0.002852491,-0.025089966,,前10个平均值,0.902431047,0.793291837,,,,,
678,0.887822,0.916915,0.780961871,0.827701628,0.780961871,0.827701628,,,,,,,,,0.786448002,0.844438553,0.765687823,0.804892063,-0.015274048,-0.022809565,,前30个平均值,0.895324107,0.732132687,,,,,
83,0.912712,0.875244,0.920818806,0.856750131,0.912712,0.856750131,,,,,0.871,0.8322,0.8772,0.8368,0.877207339,0.836803436,0.877207339,0.836803436,-0.035504661,-0.019946695,,全部200个平均值,0.879943,0.740513,,,,,
343,0.86456,0.751872,0.873473346,0.765435696,0.86456,0.751872,,,,,,,,,0.866661191,0.732191205,0.866661191,0.732191205,0.002101191,-0.019680795,,,,,,,,,
184,0.874593,0.887016,0.874149382,0.881029725,0.874149382,0.881029725,,,,,,,,,0.884022355,0.839906096,0.895221114,0.861502826,0.021071732,-0.019526899,,,,,,,,,
477,0.90928,0.577779,0.874656558,0.425986022,0.874656558,0.425986022,,,,,,,,,0.873303294,0.407283127,0.873303294,0.407283127,-0.001353264,-0.018702895,,,自适应渐进SVD clip,自适应渐进SVD xclip,LPIPS ,SSIM,OF-EPE ,FVD,
186,0.935694,0.943873,0.811541319,0.897209764,0.811541319,0.897209764,,,,,,,,,0.866959095,0.891476631,0.86067754,0.878708243,0.049136221,-0.018501521,,前10个平均值,0.90472213,0.821275872,,,,,
458,0.873557,0.709572,0.91528064,0.681023717,0.873557,0.681023717,,,,,,,,,0.918467641,0.663270593,0.918467641,0.663270593,0.044910641,-0.017753124,,前30个平均值,0.894369396,0.743075967,,,,,
164,0.850965,0.895788,0.864000618,0.904305935,0.850965,0.895788,,,,,,,,,0.877513766,0.901970863,0.871662736,0.879953921,0.020697736,-0.015834079,,全部200个平均值,0.879336859,0.74377346,0.622714,0.259308,11.701196,80.91139013,
643,0.823576,0.481455,0.768167853,0.589797258,0.768167853,0.481455,,,,,,,,,0.806216478,0.467463285,0.806216478,0.467463285,0.038048625,-0.013991715,,,,,,,,,
669,0.893124,0.937491,0.928238869,0.95231986,0.893124,0.937491,,,,,,,,,0.915715456,0.924319446,0.915715456,0.924319446,0.022591456,-0.013171554,,全量200个case, mean_clip_o_g,mean_xclip_o_g,mean_lpips,mean_ssim,mean_of_epe,mean_dino,fvd
289,0.846435,0.789107,0.868427634,0.761031628,0.846435,0.761031628,,,,,,,,,0.854173899,0.748131454,0.854173899,0.748131454,0.007738899,-0.012900174,,baseline,0.856695052,0.691837707,0.677896795,0.22295488,11.65107739,,86.6247087
610,0.886926,0.792291,0.905465424,0.772810817,0.886926,0.772810817,,,,,,,,,0.898328364,0.76107645,0.898328364,0.76107645,0.011402364,-0.011734367,,ours,0.879336859,0.74377346,0.622714,0.259308,11.701196,,80.91139013
177,0.878852,0.915159,0.922753572,0.886895299,0.878852,0.886895299,,,,,,,,,0.922262907,0.87657547,0.922262907,0.87657547,0.043410907,-0.010319829,,,0.022641807,0.051935753,-0.055182795,0.03635312,0.05011861,0,-5.71331857
829,0.767609,0.739405,0.838638783,0.720371068,0.767609,0.720371068,,,,,,,,,0.84294337,0.710112214,0.84294337,0.710112214,0.07533437,-0.010258854,,,,,,,,,
651,0.925078,0.95639,0.896354079,0.95105058,0.896354079,0.95105058,,,,,,,,,0.907726526,0.941550493,0.907726526,0.941550493,0.011372447,-0.009500087,,,,,,,,,
407,0.880024,0.707998,0.854161322,0.604381859,0.854161322,0.604381859,,,,,,,,,0.860653758,0.595419049,0.860653758,0.595419049,0.006492436,-0.00896281,,,,,,,,,
675,0.938359,0.910527,0.887342274,0.89125371,0.887342274,0.89125371,,,,,,,,,0.860499501,0.883796453,0.860499501,0.883796453,-0.026842773,-0.007457257,,,,,,,,,
641,0.901019,0.758628,0.882656574,0.6925295,0.882656574,0.6925295,,,,,,,,,0.923869848,0.686720252,0.923869848,0.686720252,0.041213274,-0.005809248,,,,,,,,,
756,0.937824,0.911494,0.859792531,0.900127769,0.859792531,0.900127769,,,,,,,,,0.854142725,0.896338224,0.854142725,0.896338224,-0.005649806,-0.003789545,,,,,,,,,
290,0.879657,0.604509,0.875495195,0.593611121,0.875495195,0.593611121,,,,,,,,,0.882590592,0.590534031,0.882590592,0.590534031,0.007095397,-0.00307709,,剔除xclip下降最多的20个case后, mean_clip_o_g,mean_xclip_o_g,mean_lpips,mean_ssim,mean_of_epe,mean_dino,fvd
648,0.920376,0.926974,0.903805614,0.950516284,0.903805614,0.926974,,,,,,,,,0.912772536,0.924135804,0.912772536,0.924135804,0.008966922,-0.002838196,,baseline,0.854376,0.68876,0.678309,0.223848,11.602828,0.546859,91.44
356,0.834226,0.665702,0.841990769,0.650453508,0.834226,0.650453508,,,,,,,,,0.851275504,0.647669435,0.851275504,0.647669435,0.017049504,-0.002784073,,ours,0.880564,0.757725,0.621906,0.259441,11.783723,0.569218,84.8
456,0.957596,0.788748,0.96014142,0.908406258,0.957596,0.788748,,,,,,,,,0.962775707,0.786225438,0.962775707,0.786225438,0.005179707,-0.002522562,,,0.026188,0.068965,-0.056403,0.035593,0.180895,0.022359,-6.64
157,0.939054,0.669602,0.86708039,0.668189347,0.86708039,0.668189347,,,,,,,,,0.869053721,0.666291952,0.869053721,0.666291952,0.001973331,-0.001897395,,,,,,,,,
172,0.89218,0.714694,0.901660919,0.63260138,0.89218,0.63260138,,,,,,,,,0.901340842,0.632493019,0.901340842,0.632493019,0.009160842,-0.000108361,,,,,,,,,
243,0.885123,0.772942,0.881173015,0.747177243,0.881173015,0.747177243,,,,,,,,,0.883672893,0.748212278,0.883672893,0.748212278,0.002499878,0.001035035,,,,,,,,,
47,0.892082,0.862028,0.884019613,0.82158637,0.884019613,0.82158637,,,,,0.8869,0.7982,0.8882,0.81,0.875262618,0.822983503,0.875262618,0.822983503,-0.008756995,0.001397133,,,,,,,,,
660,0.905269,0.831526,0.915785313,0.82675457,0.905269,0.82675457,,,,,,,,,0.910066009,0.828614175,0.910066009,0.828614175,0.004797009,0.001859605,,,,,,,,,
175,0.954717,0.894346,0.926458478,0.90886879,0.926458478,0.894346,,,,,,,,,0.940458775,0.912890911,0.932162762,0.898264647,0.005704284,0.003918647,,,,,,,,,
849,0.935457,0.949112,0.927241027,0.959265649,0.927241027,0.949112,,,,,,,,,0.917263627,0.953956306,0.917263627,0.953956306,-0.0099774,0.004844306,,,,,,,,,
642,0.934395,0.811578,0.92314744,0.853393614,0.92314744,0.811578,,,,,,,,,0.927448273,0.816451728,0.927448273,0.816451728,0.004300833,0.004873728,,,,,,,,,
105,0.897087,0.722067,0.894014359,0.550086141,0.894014359,0.550086141,,,,,0.9372,0.7668,0.8886,0.5558,0.888551116,0.555820584,0.888551116,0.555820584,-0.005463243,0.005734443,,,,,,,,,
128,0.807558,0.808973,0.819625676,0.817083955,0.807558,0.808973,,,,,,,,,0.858661711,0.82595402,0.855814338,0.814862788,0.048256338,0.005889788,,,,,,,,,
350,0.867556,0.584896,0.877435386,0.597000122,0.867556,0.584896,,,,,,,,,0.904529095,0.62719959,0.911843419,0.591092825,0.044287419,0.006196825,,,,,,,,,
367,0.902195,0.659697,0.886932254,0.580091715,0.886932254,0.580091715,,,,,,,,,0.838944614,0.586470246,0.838944614,0.586470246,-0.04798764,0.006378531,,,,,,,,,
655,0.963186,0.897492,0.967782259,0.939525187,0.963186,0.897492,,,,,,,,,0.965066791,0.910019934,0.967776716,0.904334068,0.004590716,0.006842068,,,,,,,,,
636,0.841023,0.790751,0.807483435,0.752817333,0.807483435,0.752817333,,,,,,,,,0.804033995,0.760228693,0.804033995,0.760228693,-0.00344944,0.00741136,,,,,,,,,
247,0.889933,0.53195,0.885119796,0.582528174,0.885119796,0.53195,,,,,,,,,0.906058908,0.541024446,0.906058908,0.541024446,0.020939112,0.009074446,,,,,,,,,
668,0.917739,0.950715,0.887388945,0.950027823,0.887388945,0.950027823,,,,,,,,,0.915687621,0.969377518,0.906791866,0.959160686,0.019402921,0.009132863,,,,,,,,,
672,0.843302,0.888309,0.853996158,0.873169482,0.843302,0.873169482,,,,,,,,,0.860884488,0.886731446,0.84447217,0.882828355,0.00117017,0.009658873,,,,,,,,,
78,0.962575,0.88998,0.960239053,0.870138884,0.960239053,0.870138884,,,,,0.9581,0.9238,0.9444,0.9193,0.937047124,0.88098377,0.937047124,0.88098377,-0.023191929,0.010844886,,,,,,,,,
31,0.912275,0.609367,0.911011457,0.714796305,0.911011457,0.609367,,,,,0.8408,0.6073,0.8563,0.6304,0.85616082,0.620821595,0.85616082,0.620821595,-0.054850637,0.011454595,,,,,,,,,
665,0.955885,0.873975,0.963821709,0.824266672,0.955885,0.824266672,,,,,,,,,0.969145179,0.836564124,0.969145179,0.836564124,0.013260179,0.012297452,,,,,,,,,
759,0.822377,0.724085,0.840762317,0.732841909,0.822377,0.724085,,,,,,,,,0.796414971,0.781990051,0.796700358,0.736481965,-0.025676642,0.012396965,,,,,,,,,
272,0.815867,0.856883,0.836309791,0.735486388,0.815867,0.735486388,,,,,,,,,0.836814165,0.748810768,0.836814165,0.748810768,0.020947165,0.01332438,,,,,,,,,
590,0.902869,0.920058,0.856430054,0.837743044,0.856430054,0.837743044,,,,,,,,,0.881349862,0.851261377,0.881349862,0.851261377,0.024919808,0.013518333,,,,,,,,,
652,0.893612,0.717949,0.875041068,0.757421255,0.875041068,0.717949,,,,,,,,,0.88372004,0.771210968,0.882239223,0.731567144,0.007198155,0.013618144,,,,,,,,,
139,0.839696,0.747371,0.799169362,0.688291609,0.799169362,0.688291609,,,,,,,,,0.836999059,0.702458382,0.836999059,0.702458382,0.037829697,0.014166773,,,,,,,,,
348,0.876842,0.85408,0.917639494,0.827421069,0.876842,0.827421069,,,,,,,,,0.924053729,0.843612731,0.924053729,0.843612731,0.047211729,0.016191662,,,,,,,,,
104,0.84172,0.626009,0.802522421,0.548328519,0.802522421,0.548328519,,,,,0.7822,0.5953,0.7998,0.5646,0.799813628,0.564594984,0.799813628,0.564594984,-0.002708793,0.016266465,,,,,,,,,
285,0.904196,0.900987,0.8926754,0.873975456,0.8926754,0.873975456,,,,,,,,,0.933181643,0.938822687,0.909465313,0.89239502,0.016789913,0.018419564,,,,,,,,,
124,0.860287,0.65217,0.851304352,0.75420773,0.851304352,0.65217,,,,,,,,,0.870091736,0.670660198,0.870091736,0.670660198,0.018787384,0.018490198,,,,,,,,,
197,0.944002,0.815711,0.935400605,0.84040457,0.935400605,0.815711,,,,,,,,,0.897341251,0.834716201,0.897341251,0.834716201,-0.038059354,0.019005201,,,,,,,,,
363,0.894167,0.685944,0.894592047,0.684756875,0.894167,0.684756875,,,,,,,,,0.882601976,0.705502868,0.882601976,0.705502868,-0.011565024,0.020745993,,,,,,,,,
650,0.896978,0.912555,0.904112637,0.877089977,0.896978,0.877089977,,,,,,,,,0.892398417,0.895044327,0.882538319,0.898398757,-0.014439681,0.02130878,,,,,,,,,
662,0.929352,0.893964,0.864526153,0.844027817,0.864526153,0.844027817,,,,,,,,,0.920141399,0.86540705,0.920141399,0.86540705,0.055615246,0.021379233,,,,,,,,,
645,0.890759,0.897302,0.875449419,0.871670008,0.875449419,0.871670008,,,,,,,,,0.8858459,0.893214643,0.8858459,0.893214643,0.010396481,0.021544635,,,,,,,,,
260,0.91162,0.941992,0.908288777,0.944269061,0.908288777,0.941992,,,,,,,,,0.886726379,0.925785482,0.901994884,0.964549839,-0.006293893,0.022557839,,,,,,,,,
79,0.920247,0.735633,0.877314568,0.741975129,0.877314568,0.735633,,,,,0.8538,0.7671,0.8509,0.7672,0.893710494,0.759816527,0.893710494,0.759816527,0.016395926,0.024183527,,,,,,,,,
228,0.790781,0.798689,0.750805199,0.735302091,0.750805199,0.735302091,,,,,,,,,0.748768568,0.759657979,0.748768568,0.759657979,-0.002036631,0.024355888,,,,,,,,,
183,0.86879,0.761285,0.869554162,0.794144034,0.86879,0.761285,,,,,,,,,0.872397721,0.785935581,0.872397721,0.785935581,0.003607721,0.024650581,,,,,,,,,
848,0.918045,0.751628,0.9019593,0.766041398,0.9019593,0.751628,,,,,,,,,0.896739542,0.776906371,0.896739542,0.776906371,-0.005219758,0.025278371,,,,,,,,,
761,0.940235,0.869202,0.917770147,0.827779055,0.917770147,0.827779055,,,,,,,,,0.906095624,0.853282213,0.906095624,0.853282213,-0.011674523,0.025503158,,,,,,,,,
136,0.851384,0.820264,0.881277561,0.848421693,0.851384,0.820264,,,,,,,,,0.880192816,0.847062826,0.880192816,0.847062826,0.028808816,0.026798826,,,,,,,,,
373,0.874933,0.790211,0.848821104,0.750128031,0.848821104,0.750128031,,,,,,,,,0.868255734,0.777317941,0.868255734,0.777317941,0.01943463,0.02718991,,,,,,,,,
560,0.83761,0.614011,0.80951333,0.556577682,0.80951333,0.556577682,,,,,,,,,0.817130446,0.584986329,0.817130446,0.584986329,0.007617116,0.028408647,,,,,,,,,
666,0.933925,0.916552,0.878443301,0.84143281,0.878443301,0.84143281,,,,,,,,,0.892398477,0.868256509,0.865683675,0.871167302,-0.012759626,0.029734492,,,,,,,,,
195,0.929298,0.906451,0.886570454,0.845571876,0.886570454,0.845571876,,,,,,,,,0.895388544,0.848048925,0.905958116,0.875388622,0.019387662,0.029816746,,,,,,,,,
346,0.851114,0.642901,0.729847848,0.704221368,0.729847848,0.642901,,,,,,,,,0.742505074,0.673572659,0.742505074,0.673572659,0.012657226,0.030671659,,,,,,,,,
633,0.920714,0.904005,0.927450061,0.919649005,0.920714,0.904005,,,,,,,,,0.930158257,0.962365866,0.844653249,0.935251534,-0.076060751,0.031246534,,,,,,,,,
106,0.879313,0.607148,0.879217148,0.608117104,0.879217148,0.607148,,,,,0.8672,0.6808,0.8598,0.639,0.858521998,0.577769041,0.859819591,0.639010906,-0.019397557,0.031862906,,,,,,,,,
658,0.887948,0.86284,0.900393963,0.873938441,0.887948,0.86284,,,,,,,,,0.930602551,0.895590186,0.930602551,0.895590186,0.042654551,0.032750186,,,,,,,,,
345,0.892136,0.86549,0.849171877,0.908953428,0.849171877,0.86549,,,,,,,,,0.849926293,0.902443945,0.849926293,0.902443945,0.000754416,0.036953945,,,,,,,,,
475,0.940024,0.849597,0.921465993,0.829853237,0.921465993,0.829853237,,,,,,,,,0.945870578,0.866810679,0.945870578,0.866810679,0.024404585,0.036957442,,,,,,,,,
646,0.93513,0.742626,0.934348464,0.764789104,0.934348464,0.742626,,,,,,,,,0.897956073,0.691846609,0.946721435,0.780956328,0.012372971,0.038330328,,,,,,,,,
21,0.901105,0.77319,0.857870817,0.729838133,0.857870817,0.729838133,,,,,0.9197,0.7646,0.9179,0.7804,0.912069321,0.7697649,0.912069321,0.7697649,0.054198504,0.039926767,,,,,,,,,
471,0.898984,0.774462,0.905162394,0.848507822,0.898984,0.774462,,,,,,,,,0.908961952,0.815366387,0.908961952,0.815366387,0.009977952,0.040904387,,,,,,,,,
43,0.962151,0.926188,0.955523551,0.88200438,0.955523551,0.88200438,,,,,0.949,0.9181,0.9523,0.9235,0.951333046,0.913537443,0.952301741,0.923503876,-0.00322181,0.041499496,,,,,,,,,
72,0.846935,0.76647,0.910687268,0.703929245,0.846935,0.703929245,,,,,0.8887,0.7662,0.8909,0.7459,0.899511814,0.807907999,0.890946507,0.745857358,0.044011507,0.041928113,,,,,,,,,
692,0.780008,0.374951,0.792080402,0.513229907,0.780008,0.374951,,,,,,,,,0.71701932,0.379478276,0.718108416,0.418154061,-0.061899584,0.043203061,,,,,,,,,
673,0.921392,0.934906,0.895390749,0.895941854,0.895390749,0.895941854,,,,,,,,,0.956591427,0.909633279,0.919762731,0.940772235,0.024371982,0.044830381,,,,,,,,,
659,0.882516,0.875136,0.864199936,0.883788764,0.864199936,0.875136,,,,,,,,,0.814018011,0.864612281,0.87882632,0.920781016,0.014626384,0.045645016,,,,,,,,,
202,0.881069,0.831043,0.929264128,0.870946407,0.881069,0.831043,,,,,,,,,0.840677679,0.865809679,0.897368729,0.876756191,0.016299729,0.045713191,,,,,,,,,
605,0.824268,0.687708,0.867895305,0.682673216,0.824268,0.682673216,,,,,,,,,0.917377949,0.72861135,0.917377949,0.72861135,0.093109949,0.045938134,,,,,,,,,
362,0.884263,0.891086,0.908533871,0.929628611,0.884263,0.891086,,,,,,,,,0.903643847,0.937088847,0.903643847,0.937088847,0.019380847,0.046002847,,,,,,,,,
116,0.819018,0.469357,0.841010928,0.583553195,0.819018,0.469357,,,,,,,,,0.840583444,0.555002987,0.847673297,0.5168432,0.028655297,0.0474862,,,,,,,,,
408,0.899083,0.680953,0.922820687,0.790137291,0.899083,0.680953,,,,,,,,,0.938609719,0.730903089,0.938609719,0.730903089,0.039526719,0.049950089,,,,,,,,,
575,0.857902,0.597746,0.842946291,0.596078217,0.842946291,0.596078217,,,,,,,,,0.892919183,0.646136165,0.892919183,0.646136165,0.049972892,0.050057948,,,,,,,,,
143,0.764748,0.509407,0.748444498,0.572343826,0.748444498,0.509407,,,,,,,,,0.758883595,0.56004107,0.758883595,0.56004107,0.010439097,0.05063407,,,,,,,,,
168,0.781378,0.691086,0.831930637,0.757574201,0.781378,0.691086,,,,,,,,,0.865691423,0.742396653,0.865691423,0.742396653,0.084313423,0.051310653,,,,,,,,,
178,0.789834,0.714913,0.879003286,0.655490398,0.789834,0.655490398,,,,,,,,,0.878955245,0.709243059,0.878955245,0.709243059,0.089121245,0.053752661,,,,,,,,,
76,0.888948,0.571176,0.865603328,0.550156891,0.865603328,0.550156891,,,,,0.9043,0.6196,0.8998,0.6045,0.910270035,0.549657226,0.899804056,0.604512215,0.034200728,0.054355324,,,,,,,,,
340,0.658406,0.356361,0.768322468,0.435103536,0.658406,0.356361,,,,,,,,,0.751746893,0.430158198,0.788929343,0.41248703,0.130523343,0.05612603,,,,,,,,,
701,0.853875,0.580405,0.894662261,0.70294857,0.853875,0.580405,,,,,,,,,0.865361512,0.63691473,0.865361512,0.63691473,0.011486512,0.05650973,,,,,,,,,
361,0.906763,0.869143,0.720889747,0.773616076,0.720889747,0.773616076,,,,,,,,,0.851631582,0.833879948,0.851631582,0.833879948,0.130741835,0.060263872,,,,,,,,,
706,0.948113,0.760336,0.924984515,0.710984945,0.924984515,0.710984945,,,,,,,,,0.838781357,0.671697378,0.856385469,0.771961093,-0.068599046,0.060976148,,,,,,,,,
397,0.934277,0.801539,0.928388476,0.810438633,0.928388476,0.801539,,,,,,,,,0.90455842,0.862957239,0.90455842,0.862957239,-0.023830056,0.061418239,,,,,,,,,
99,0.761108,0.661681,0.846022367,0.694420815,0.761108,0.661681,,,,,0.8688,0.4444,0.8842,0.6161,0.903431654,0.723377585,0.903431654,0.723377585,0.142323654,0.061696585,,,,,,,,,
479,0.950338,0.632282,0.934479415,0.699810863,0.934479415,0.632282,,,,,,,,,0.938203216,0.696609616,0.938203216,0.696609616,0.003723801,0.064327616,,,,,,,,,
84,0.883077,0.617785,0.880146861,0.684309602,0.880146861,0.617785,,,,,0.8291,0.6814,0.8775,0.6825,0.87746942,0.682523906,0.87746942,0.682523906,-0.002677441,0.064738906,,,,,,,,,
802,0.851574,0.726398,0.880607009,0.678996921,0.851574,0.678996921,,,,,,,,,0.907800198,0.728349566,0.898380399,0.745185554,0.046806399,0.066188633,,,,,,,,,
555,0.854777,0.549205,0.826962829,0.575238287,0.826962829,0.549205,,,,,,,,,0.813722372,0.615968823,0.813722372,0.615968823,-0.013240457,0.066763823,,,,,,,,,
382,0.92739,0.86841,0.898429811,0.802105725,0.898429811,0.802105725,,,,,,,,,0.918990314,0.870021105,0.918990314,0.870021105,0.020560503,0.06791538,,,,,,,,,
844,0.913884,0.711014,0.873307943,0.81188488,0.873307943,0.711014,,,,,,,,,0.87533015,0.761773765,0.913399994,0.779093385,0.040092051,0.068079385,,,,,,,,,
612,0.852735,0.574977,0.785663843,0.421079755,0.785663843,0.421079755,,,,,,,,,0.815286994,0.454341948,0.846046567,0.48987484,0.060382724,0.068795085,,,,,,,,,
557,0.806367,0.701527,0.772063851,0.765916586,0.772063851,0.701527,,,,,,,,,0.807831049,0.774738073,0.807831049,0.774738073,0.035767198,0.073211073,,,,,,,,,
370,0.794131,0.582781,0.781081319,0.699748755,0.781081319,0.582781,,,,,,,,,0.739259124,0.653171837,0.752685547,0.656176567,-0.028395772,0.073395567,,,,,,,,,
82,0.91761,0.642041,0.927965641,0.813880801,0.91761,0.642041,,,,,0.8337,0.7096,0.8323,0.7021,0.840680778,0.720734656,0.840680778,0.720734656,-0.076929222,0.078693656,,,,,,,,,
34,0.868079,0.759053,0.883832872,0.80859369,0.868079,0.759053,,,,,0.8563,0.8148,0.8685,0.8381,0.875132084,0.836898685,0.868450701,0.838115931,0.000371701,0.079062931,,,,,,,,,
341,0.81856,0.690745,0.864052653,0.724745035,0.81856,0.690745,,,,,,,,,0.821301579,0.770777762,0.821301579,0.770777762,0.002741579,0.080032762,,,,,,,,,
729,0.862698,0.673437,0.847960174,0.59536612,0.847960174,0.59536612,,,,,,,,,0.930118918,0.676445246,0.930118918,0.676445246,0.082158744,0.081079126,,,,,,,,,
88,0.91031,0.669161,0.913250685,0.686881185,0.91031,0.669161,,,,,0.9176,0.7605,0.9297,0.7675,0.924435318,0.751416802,0.924435318,0.751416802,0.014125318,0.082255802,,,,,,,,,
297,0.871082,0.584949,0.836554587,0.648786426,0.836554587,0.584949,,,,,,,,,0.877853334,0.673850179,0.877853334,0.673850179,0.041298747,0.088901179,,,,,,,,,
46,0.876443,0.70096,0.881396294,0.661555529,0.876443,0.661555529,,,,,0.9024,0.7119,0.8988,0.7523,0.905189633,0.733951747,0.898831129,0.752315164,0.022388129,0.090759635,,,,,,,,,
85,0.89727,0.457267,0.917720914,0.49899295,0.89727,0.457267,,,,,0.9201,0.5575,0.9191,0.4214,0.916523099,0.553114414,0.916523099,0.553114414,0.019253099,0.095847414,,,,,,,,,
873,0.88898,0.653022,0.897379994,0.575757861,0.88898,0.575757861,,,,,,,,,0.882305205,0.674138665,0.882305205,0.674138665,-0.006674795,0.098380804,,,,,,,,,
468,0.909106,0.668128,0.932092905,0.832157254,0.909106,0.668128,,,,,,,,,0.869489372,0.766726792,0.869489372,0.766726792,-0.039616628,0.098598792,,,,,,,,,
704,0.824598,0.797073,0.897834003,0.903032899,0.824598,0.797073,,,,,,,,,0.889172196,0.897493482,0.898185611,0.895827055,0.073587611,0.098754055,,,,,,,,,
7,0.867449,0.747274,0.877567232,0.75826925,0.867449,0.747274,,,,,0.9399,0.8459,0.9448,0.8494,0.903624892,0.610505342,0.944771111,0.849387586,0.077322111,0.102113586,,,,,,,,,
113,0.855348,0.524113,0.827608705,0.421421707,0.827608705,0.421421707,,,,,,,,,0.862701297,0.525501728,0.862701297,0.525501728,0.035092592,0.104080021,,,,,,,,,
867,0.824989,0.487497,0.846272707,0.677772105,0.824989,0.487497,,,,,,,,,0.87118268,0.565467834,0.848713815,0.593861699,0.023724815,0.106364699,,,,,,,,,
663,0.814237,0.716603,0.904069483,0.826050043,0.814237,0.716603,,,,,,,,,0.903938591,0.822973073,0.903938591,0.822973073,0.089701591,0.106370073,,,,,,,,,
283,0.916354,0.896365,0.912881911,0.7666412,0.912881911,0.7666412,,,,,,,,,0.921742797,0.874003053,0.921742797,0.874003053,0.008860886,0.107361853,,,,,,,,,
278,0.789786,0.525934,0.902791619,0.589202404,0.789786,0.525934,,,,,,,,,0.91148001,0.633974552,0.91148001,0.633974552,0.12169401,0.108040552,,,,,,,,,
858,0.860824,0.862819,0.854782701,0.695098758,0.854782701,0.695098758,,,,,,,,,0.851541758,0.803147316,0.851541758,0.803147316,-0.003240943,0.108048558,,,,,,,,,
491,0.880829,0.530993,0.929859042,0.764603853,0.880829,0.530993,,,,,,,,,0.94179666,0.736911833,0.949511528,0.64260298,0.068682528,0.11160998,,,,,,,,,
70,0.803512,0.577646,0.793348908,0.734220564,0.793348908,0.577646,,,,,0.777,0.6303,0.7862,0.6714,0.77171874,0.691066325,0.77171874,0.691066325,-0.021630168,0.113420325,,,,,,,,,
81,0.888415,0.782586,0.85939765,0.880677581,0.85939765,0.782586,,,,,0.8752,0.867,0.8912,0.898,0.883788109,0.790333867,0.891186714,0.897954285,0.031789064,0.115368285,,,,,,,,,
17,0.858123,0.752383,0.888535619,0.845127225,0.858123,0.752383,,,,,0.8893,0.8608,0.8863,0.856,0.91348964,0.868205488,0.91348964,0.868205488,0.05536664,0.115822488,,,,,,,,,
679,0.921761,0.838585,0.854552329,0.915871859,0.854552329,0.838585,,,,,,,,,0.936500311,0.942001641,0.937967777,0.955667794,0.083415448,0.117082794,,,,,,,,,
146,0.866468,0.792524,0.905796766,0.88695991,0.866468,0.792524,,,,,,,,,0.933471918,0.909862161,0.933471918,0.909862161,0.067003918,0.117338161,,,,,,,,,
857,0.821546,0.617336,0.848169625,0.704489231,0.821546,0.617336,,,,,,,,,0.85194397,0.736827374,0.85194397,0.736827374,0.03039797,0.119491374,,,,,,,,,
657,0.852394,0.631113,0.875294983,0.570129931,0.852394,0.570129931,,,,,,,,,0.900137961,0.692221522,0.900137961,0.692221522,0.047743961,0.122091591,,,,,,,,,
73,0.854741,0.753466,0.844415069,0.566875696,0.844415069,0.566875696,,,,,0.8836,0.604,0.8918,0.6362,0.892400265,0.690212846,0.892400265,0.690212846,0.047985196,0.12333715,,,,,,,,,
591,0.799665,0.577359,0.939403594,0.797338009,0.799665,0.577359,,,,,,,,,0.929212332,0.747364163,0.898175657,0.701870501,0.098510657,0.124511501,,,,,,,,,
647,0.82108,0.803483,0.930684328,0.92263782,0.82108,0.803483,,,,,,,,,0.928488672,0.93230927,0.928488672,0.93230927,0.107408672,0.12882627,,,,,,,,,
344,0.919432,0.708281,0.929987133,0.711365044,0.919432,0.708281,,,,,,,,,0.925542593,0.83796221,0.925542593,0.83796221,0.006110593,0.12968121,,,,,,,,,
707,0.870746,0.676589,0.953764677,0.798655987,0.870746,0.676589,,,,,,,,,0.909774065,0.806779265,0.909774065,0.806779265,0.039028065,0.130190265,,,,,,,,,
853,0.880817,0.684314,0.890600741,0.715755165,0.880817,0.684314,,,,,,,,,0.920596719,0.81864357,0.920596719,0.81864357,0.039779719,0.13432957,,,,,,,,,
852,0.89708,0.850833,0.85656476,0.786348641,0.85656476,0.786348641,,,,,,,,,0.918800652,0.906637669,0.936607003,0.925799131,0.080042243,0.13945049,,,,,,,,,
792,0.887138,0.706688,0.838845611,0.631790042,0.838845611,0.631790042,,,,,,,,,0.85209012,0.771321893,0.85209012,0.771321893,0.013244509,0.139531851,,,,,,,,,
280,0.800347,0.597419,0.815498114,0.707736611,0.800347,0.597419,,,,,,,,,0.849954665,0.737265646,0.849954665,0.737265646,0.049607665,0.139846646,,,,,,,,,
466,0.891256,0.510242,0.858717322,0.478441417,0.858717322,0.478441417,,,,,,,,,0.922750056,0.618790329,0.922750056,0.618790329,0.064032734,0.140348912,,,,,,,,,
661,0.790462,0.776877,0.893556714,0.918361664,0.790462,0.776877,,,,,,,,,0.9473418,0.918706596,0.9473418,0.918706596,0.1568798,0.141829596,,,,,,,,,
353,0.884105,0.657248,0.888707697,0.70561111,0.884105,0.657248,,,,,,,,,0.896347404,0.742565036,0.8974756,0.799458861,0.0133706,0.142210861,,,,,,,,,
409,0.893772,0.628724,0.83812201,0.464478821,0.83812201,0.464478821,,,,,,,,,0.883044839,0.607336998,0.883044839,0.607336998,0.044922829,0.142858177,,,,,,,,,
735,0.886939,0.640576,0.854773939,0.533619583,0.854773939,0.533619583,,,,,,,,,0.942484736,0.700559378,0.944347382,0.683885396,0.089573443,0.150265813,,,,,,,,,
569,0.779929,0.502301,0.80379653,0.520231962,0.779929,0.502301,,,,,,,,,0.830957532,0.654380202,0.830957532,0.654380202,0.051028532,0.152079202,,,,,,,,,
294,0.865348,0.591209,0.884672403,0.704243839,0.865348,0.591209,,,,,,,,,0.910873413,0.709826171,0.925159693,0.749129891,0.059811693,0.157920891,,,,,,,,,
627,0.788911,0.67953,0.689194977,0.423526227,0.689194977,0.423526227,,,,,,,,,0.815325022,0.724040806,0.780639887,0.581924498,0.09144491,0.158398271,,,,,,,,,
850,0.906329,0.807039,0.799651861,0.749199092,0.799651861,0.749199092,,,,,,,,,0.905943334,0.90895921,0.905943334,0.90895921,0.106291473,0.159760118,,,,,,,,,
780,0.881595,0.662737,0.914980769,0.731414795,0.881595,0.662737,,,,,,,,,0.890063286,0.800492644,0.927698016,0.824189782,0.046103016,0.161452782,,,,,,,,,
629,0.785914,0.516993,0.800626934,0.473086715,0.785914,0.473086715,,,,,,,,,0.870868206,0.6375705,0.870868206,0.6375705,0.084954206,0.164483785,,,,,,,,,
800,0.823365,0.570313,0.862425208,0.799706459,0.823365,0.570313,,,,,,,,,0.862749398,0.740800619,0.862749398,0.740800619,0.039384398,0.170487619,,,,,,,,,
402,0.757335,0.478243,0.767048001,0.28916797,0.757335,0.28916797,,,,,,,,,0.803507924,0.453352392,0.807304025,0.465491235,0.049969025,0.176323265,,,,,,,,,
347,0.78195,0.52791,0.762259066,0.604142427,0.762259066,0.52791,,,,,,,,,0.792254627,0.706964254,0.792254627,0.706964254,0.029995561,0.179054254,,,,,,,,,
862,0.813844,0.569754,0.857030034,0.750348926,0.813844,0.569754,,,,,,,,,0.864393711,0.751774073,0.864393711,0.751774073,0.050549711,0.182020073,,,,,,,,,
111,0.870252,0.572134,0.922749937,0.800531626,0.870252,0.572134,,,,,0.9223,0.7606,0.919,0.7576,0.950290203,0.806077719,0.919009089,0.757630348,0.048757089,0.185496348,,,,,,,,,
419,0.898082,0.696303,0.924026728,0.513717651,0.898082,0.513717651,,,,,,,,,0.903746843,0.700392187,0.903746843,0.700392187,0.005664843,0.186674536,,,,,,,,,
879,0.859476,0.71733,0.758700669,0.832907259,0.758700669,0.71733,,,,,,,,,0.829490602,0.905193329,0.829490602,0.905193329,0.070789933,0.187863329,,,,,,,,,
74,0.941304,0.440586,0.941897869,0.657477498,0.941304,0.440586,,,,,0.9131,0.3506,0.9482,0.6309,0.948180854,0.630901814,0.948180854,0.630901814,0.006876854,0.190315814,,,,,,,,,
556,0.776929,0.541209,0.809697628,0.610589921,0.776929,0.541209,,,,,,,,,0.868823528,0.739408374,0.868823528,0.739408374,0.091894528,0.198199374,,,,,,,,,
674,0.913457,0.75269,0.949499905,0.903169513,0.913457,0.75269,,,,,,,,,0.93591702,0.952960789,0.93591702,0.952960789,0.02246002,0.200270789,,,,,,,,,
406,0.88692,0.712607,0.865301132,0.4641819,0.865301132,0.4641819,,,,,,,,,0.853355169,0.665593207,0.853355169,0.665593207,-0.011945963,0.201411307,,,,,,,,,
32,0.853583,0.700134,0.937615514,0.855521321,0.853583,0.700134,,,,,0.9427,0.9094,0.9409,0.9016,0.947109103,0.890173495,0.94094491,0.901584506,0.08736191,0.201450506,,,,,,,,,
431,0.911441,0.659697,0.90161556,0.631106257,0.90161556,0.631106257,,,,,,,,,0.893765569,0.83568728,0.893765569,0.83568728,-0.007849991,0.204581023,,,,,,,,,
33,0.761225,0.660314,0.76013273,0.698889971,0.76013273,0.660314,,,,,0.8294,0.8708,0.833,0.8678,0.884939313,0.866076171,0.884939313,0.866076171,0.124806583,0.205762171,,,,,,,,,
677,0.947541,0.702307,0.916129291,0.9077878,0.916129291,0.702307,,,,,,,,,0.913038254,0.91777122,0.913038254,0.91777122,-0.003091037,0.21546422,,,,,,,,,
244,0.73681,0.380392,0.729149342,0.297177732,0.729149342,0.297177732,,,,,,,,,0.81121856,0.363926589,0.811215222,0.51845336,0.08206588,0.221275628,,,,,,,,,
159,0.853713,0.537621,0.799607217,0.660014451,0.799607217,0.537621,,,,,,,,,0.806428671,0.784764588,0.806428671,0.784764588,0.006821454,0.247143588,,,,,,,,,
578,0.816294,0.470096,0.80887109,0.758316517,0.80887109,0.470096,,,,,,,,,0.881411791,0.723899245,0.881411791,0.723899245,0.072540701,0.253803245,,,,,,,,,
156,0.805848,0.173511,0.849528491,0.35013324,0.805848,0.173511,,,,,,,,,0.880869746,0.47861588,0.880869746,0.47861588,0.075021746,0.30510488,,,,,,,,,
120,0.844929,0.741051,0.767001271,0.419397414,0.767001271,0.419397414,,,,,,,,,0.856198549,0.796589494,0.856198549,0.796589494,0.089197278,0.37719208,,,,,,,,,
135,0.728638,0.389625,0.82697618,0.696221828,0.728638,0.389625,,,,,,,,,0.929469883,0.797739387,0.929469883,0.797739387,0.200831883,0.408114387,,,,,,,,,
